Sp,LT,LS,Peso,Peso_ev,P_gonad,FC,IGS,Fec,Fec2,Fec_parcial,A,B,ale,Npulso,
Stellifer minor,11.3,10.7,28,23,1.22,1.940540454,5.304347826,2586.008,2751.008,2119.678689,2356.4,-288.8,165,1.622647749,
Stellifer minor,13.5,11.4,50,35,0.73,2.032210537,2.085714286,1431.372,1918.372,1960.783562,2356.4,-288.8,487,1.674296384,
Stellifer minor,13.8,12.2,48,40,5.02,1.826433979,12.55,11540.328,11589.328,2298.87012,2356.4,-288.8,49,1.76785031,
Stellifer minor,13.9,11.9,70,55,2.51,2.606475453,4.563636364,5625.764,6108.764,2241.340239,2356.4,-288.8,483,1.689147092,
Stellifer minor,14.1,12.2,55,45,0.86,1.962028681,1.911111111,1737.704,1952.704,2020.586047,2356.4,-288.8,215,1.628555449,
Stellifer minor,14.1,12.2,57,46,6.95,2.033375178,15.10869565,16088.18,16569.18,2314.846043,2356.4,-288.8,481,1.822713449,
Stellifer minor,14.2,13.3,54,45,5.2,1.885943712,11.55555556,11964.48,12090.48,2300.861538,2356.4,-288.8,126,1.774310829,
Stellifer minor,14.2,12.3,56,48,5.03,1.955793479,10.47916667,11563.892,11480.892,2298.984493,2356.4,-288.8,-83,1.765986523,
Stellifer minor,14.3,12.2,55,40,1.96,1.8808518,4.9,4329.744,4390.744,2209.053061,2356.4,-288.8,61,1.648913818,
Stellifer minor,14.3,12.5,55,50,2.22,1.8808518,4.44,4942.408,5070.408,2226.30991,2356.4,-288.8,128,1.664208065,
Stellifer minor,14.3,12.2,57,45,1.76,1.949246411,3.911111111,3858.464,3675.464,2192.309091,2356.4,-288.8,-183,1.626281708,
Stellifer minor,14.4,12.4,60,49,4.19,2.00938786,8.551020408,9584.516,9421.516,2287.473986,2356.4,-288.8,-163,1.737340322,
Stellifer minor,14.4,12.3,60,40,2.15,2.00938786,5.375,4777.46,4911.46,2222.074419,2356.4,-288.8,134,1.661155261,
Stellifer minor,14.4,12.5,50,45,1.73,1.674489883,3.844444444,3787.772,3944.772,2189.463584,2356.4,-288.8,157,1.642421428,
Stellifer minor,14.5,12.5,55,54,1.82,1.804092009,3.37037037,3999.848,4430.848,2197.718681,2356.4,-288.8,431,1.659214568,
Stellifer minor,14.5,12.6,60,50,3.47,1.968100373,6.94,7887.908,8172.908,2273.172334,2356.4,-288.8,285,1.721108669,
Stellifer minor,14.5,12.2,47,39,2.04,1.541678626,5.230769231,4518.256,4851.256,2214.831373,2356.4,-288.8,333,1.664169218,
Stellifer minor,14.5,12.2,54,48,3.31,1.771290336,6.895833333,7510.884,7492.884,2269.149245,2356.4,-288.8,-18,1.70753379,
Stellifer minor,14.5,12.4,46,46,2.69,1.508876953,5.847826087,6049.916,6152.916,2249.039405,2356.4,-288.8,103,1.684755268,
Stellifer minor,14.5,12.5,62,50,2.89,2.033703719,5.78,6521.196,6446.196,2256.469204,2356.4,-288.8,-75,1.688169951,
Stellifer minor,14.6,12.5,65,55,1.58,2.088597671,2.872727273,3434.312,3904.312,2173.61519,2356.4,-288.8,470,1.652336868,
Stellifer minor,14.6,12.5,60,55,2.53,1.927936311,4.6,5672.892,5719.892,2242.249802,2356.4,-288.8,47,1.675722225,
Stellifer minor,14.6,12.8,55,45,3.95,1.767274952,8.777777778,9018.98,9379.98,2283.286076,2356.4,-288.8,361,1.739686478,
Stellifer minor,14.6,12.5,65,55,2.35,2.088597671,4.272727273,5248.74,5173.74,2233.506383,2356.4,-288.8,-75,1.662768743,
Stellifer minor,14.6,12.6,56,50,3.7,1.799407224,7.4,8429.88,8846.88,2278.345946,2356.4,-288.8,417,1.732305027,
Stellifer minor,14.7,12.6,70,50,2.06,2.203667343,4.12,4565.384,4834.384,2216.205825,2356.4,-288.8,269,1.662454408,
Stellifer minor,14.7,12.7,60,50,2.3,1.888857723,4.6,5130.92,5163.92,2230.834783,2356.4,-288.8,33,1.66439018,
Stellifer minor,14.7,13,57,52,2.29,1.794414837,4.403846154,5107.356,5234.356,2230.286463,2356.4,-288.8,127,1.667437488,
Stellifer minor,14.7,12.7,69,54,5.52,2.172186381,10.22222222,12718.528,13189.528,2304.081159,2356.4,-288.8,471,1.788230956,
Stellifer minor,14.8,12.8,65,55,2.64,2.005063866,4.8,5932.096,6247.096,2247.006061,2356.4,-288.8,315,1.689215818,
Stellifer minor,14.8,12.7,59,54,0.25,1.819981048,0.462962963,300.3,421.3,1201.2,2356.4,-288.8,121,2.184974575,
Stellifer minor,14.8,13,65,47,2.73,2.005063866,5.808510638,6144.172,6130.172,2250.612454,2356.4,-288.8,-14,1.682863104,
Stellifer minor,14.9,12.7,65,60,2.84,1.964963789,4.733333333,6403.376,6407.376,2254.709859,2356.4,-288.8,4,1.688323752,
Stellifer minor,14.9,12.9,60,50,3.53,1.813812728,7.06,8029.292,8219.292,2274.586969,2356.4,-288.8,190,1.721118807,
Stellifer minor,14.9,12.8,55,48,4.69,1.662661667,9.770833333,10762.716,11022.716,2294.822175,2356.4,-288.8,260,1.761482289,
Stellifer minor,14.9,12.9,56,49,2.94,1.69289188,6,6639.016,6661.016,2258.168707,2356.4,-288.8,22,1.693204084,
Stellifer minor,15,12.6,60,55,2.28,1.777777778,4.145454545,5083.792,5417.792,2229.733333,2356.4,-288.8,334,1.674560034,
Stellifer minor,15,13,65,60,3.25,1.925925926,5.416666667,7369.5,7715.5,2267.538462,2356.4,-288.8,346,1.714354196,
Stellifer minor,15,13,60,55,2.2,1.777777778,4,4895.28,5244.28,2225.127273,2356.4,-288.8,349,1.671673309,
Stellifer minor,15,13,65,63,1.76,1.925925926,2.793650794,3858.464,3940.464,2192.309091,2356.4,-288.8,82,1.64007319,
Stellifer minor,15,13,62,57,1.95,1.837037037,3.421052632,4306.18,4276.18,2208.297436,2356.4,-288.8,-30,1.644278492,
Stellifer minor,15,12.6,55,52,3.15,1.62962963,6.057692308,7133.86,7140.86,2264.71746,2356.4,-288.8,7,1.701647374,
Stellifer minor,15,12.8,70,50,3.15,2.074074074,6.3,7133.86,7445.86,2264.71746,2356.4,-288.8,312,1.709667954,
Stellifer minor,15,12.9,60,55,2.41,1.777777778,4.381818182,5390.124,5263.124,2236.565975,2356.4,-288.8,-127,1.66382018,
Stellifer minor,15,12.8,65,45,3.73,1.925925926,8.288888889,8500.572,8773.572,2278.973727,2356.4,-288.8,273,1.730242169,
Stellifer minor,15,13,55,45,2.78,1.62962963,6.177777778,6261.992,6411.992,2252.515108,2356.4,-288.8,150,1.690107631,
Stellifer minor,15,13,60,50,1.58,1.777777778,3.16,3434.312,3662.312,2173.61519,2356.4,-288.8,228,1.639552096,
Stellifer minor,15,13,60,50,3.49,1.777777778,6.98,7935.036,7842.036,2273.649284,2356.4,-288.8,-93,1.712853807,
Stellifer minor,15,13,60,50,4.5,1.777777778,9,10315,10254,2292.222222,2356.4,-288.8,-61,1.749783801,
Stellifer minor,15,13,55,50,2.78,1.62962963,5.56,6261.992,6485.992,2252.515108,2356.4,-288.8,224,1.692320018,
Stellifer minor,15,13,60,55,2.87,1.777777778,5.218181818,6474.068,6601.068,2255.772822,2356.4,-288.8,127,1.693261914,
Stellifer minor,15,13.3,65,55,6.99,1.925925926,12.70909091,16182.436,16526.436,2315.083834,2356.4,-288.8,344,1.822041666,
Stellifer minor,15,12.8,57,51,2.06,1.688888889,4.039215686,4565.384,4759.384,2216.205825,2356.4,-288.8,194,1.659390434,
Stellifer minor,15,13,60,50,5.82,1.777777778,11.64,13425.448,13714.448,2306.778007,2356.4,-288.8,289,1.793487852,
Stellifer minor,15,12.7,63,56,2.33,1.866666667,4.160714286,5201.612,5112.612,2232.451502,2356.4,-288.8,-89,1.661242285,
Stellifer minor,15,12.8,72,55,2.49,2.133333333,4.527272727,5578.636,5460.636,2240.416064,2356.4,-288.8,-118,1.668102317,
Stellifer minor,15.1,12.6,60,55,1.65,1.742691081,3,3599.26,3882.26,2181.369697,2356.4,-288.8,283,1.645335324,
Stellifer minor,15.1,13.2,65,56,3.04,1.887915338,5.428571429,6874.656,7355.656,2261.4,2356.4,-288.8,481,1.709835239,
Stellifer minor,15.1,13.2,55,51,3.04,1.597466824,5.960784314,6874.656,7042.656,2261.4,2356.4,-288.8,168,1.701484247,
Paralonchurus peruanus,15.1,12.1,35,30,0.14,1.016569797,0.466666667,454.382,867.382,3245.585714,1351.3,265.2,413,0.905294349,
Stellifer minor,15.1,13.2,65,55,2.65,1.887915338,4.818181818,5955.66,5960.66,2247.418868,2356.4,-288.8,5,1.679835657,
Stellifer minor,15.1,13.1,65,55,4.54,1.887915338,8.254545455,10409.256,10619.256,2292.787665,2356.4,-288.8,210,1.755982096,
Stellifer minor,15.1,13.2,85,58,2.73,2.468812365,4.706896552,6144.172,6280.172,2250.612454,2356.4,-288.8,136,1.687528002,
Stellifer minor,15.2,12.5,60,50,3.24,1.70852165,6.48,7345.936,7149.936,2267.264198,2356.4,-288.8,-196,1.699979278,
Stellifer minor,15.2,13.1,60,55,1.79,1.70852165,3.254545455,3929.156,4422.156,2195.059218,2356.4,-288.8,493,1.660836313,
Stellifer minor,15.2,13,70,65,1.67,1.993275259,2.569230769,3646.388,4041.388,2183.465868,2356.4,-288.8,395,1.651745786,
Stellifer minor,15.2,12.9,65,55,3.28,1.850898455,5.963636364,7440.192,7907.192,2268.35122,2356.4,-288.8,467,1.718438596,
Stellifer minor,15.2,13.2,70,60,6.7,1.993275259,11.16666667,15499.08,15607.08,2313.295522,2356.4,-288.8,108,1.812704696,
Stellifer minor,15.2,13.2,61,55,3.03,1.736997011,5.509090909,6851.092,6665.092,2261.086469,2356.4,-288.8,-186,1.691136629,
Stellifer minor,15.2,12.9,59,45,3.07,1.68004629,6.822222222,6945.348,7203.348,2262.328339,2356.4,-288.8,258,1.70511695,
Stellifer minor,15.2,13.1,64,57,3.78,1.822423094,6.631578947,8618.392,9070.392,2279.997884,2356.4,-288.8,452,1.735802513,
Stellifer minor,15.2,13.1,63,54,3.68,1.793947733,6.814814815,8382.752,8812.752,2277.921739,2356.4,-288.8,430,1.731890732,
Stellifer minor,15.2,13.2,66,62,5.76,1.879373815,9.290322581,13284.064,13487.064,2306.261111,2356.4,-288.8,203,1.790741473,
Stellifer minor,15.2,13,52,55,3.07,1.480718764,5.581818182,6945.348,7345.348,2262.328339,2356.4,-288.8,400,1.708864407,
Stellifer minor,15.3,13.4,65,55,3.55,1.814843015,6.454545455,8076.42,8065.42,2275.047887,2356.4,-288.8,-11,1.717162531,
Stellifer minor,15.3,13.3,70,65,3.04,1.954446324,4.676923077,6874.656,6974.656,2261.4,2356.4,-288.8,100,1.699620939,
Stellifer minor,15.3,13.3,60,55,2.65,1.675239706,4.818181818,5955.66,6124.66,2247.418868,2356.4,-288.8,169,1.685080622,
Stellifer minor,15.3,13.4,65,55,8.37,1.814843015,15.21818182,19434.268,19790.268,2321.895818,2356.4,-288.8,356,1.850406742,
Stellifer minor,15.3,13.4,65,60,4.05,1.814843015,6.75,9254.62,9544.62,2285.091358,2356.4,-288.8,290,1.741619051,
Stellifer minor,15.3,13.2,61,54,3.46,1.703160368,6.407407407,7864.344,8175.344,2272.931792,2356.4,-288.8,311,1.721347754,
Stellifer minor,15.3,13.2,61,52,6.05,1.703160368,11.63461538,13967.42,14277.42,2308.664463,2356.4,-288.8,310,1.79959011,
Stellifer minor,15.3,13.2,69,62,2.74,1.926525662,4.419354839,6167.736,6090.736,2250.99854,2356.4,-288.8,-77,1.681329289,
Stellifer minor,15.3,13,66,59,3.96,1.842763676,6.711864407,9042.544,9384.544,2283.470707,2356.4,-288.8,342,1.739638333,
Stellifer minor,15.3,13.1,54,54,2.79,1.507715735,5.166666667,6285.556,6641.556,2252.887455,2356.4,-288.8,356,1.696609314,
Stellifer minor,15.4,13.5,65,55,3.71,1.779718005,6.745454545,8453.444,8747.444,2278.556334,2356.4,-288.8,294,1.729990658,
Stellifer minor,15.4,13.2,65,55,2.57,1.779718005,4.672727273,5767.148,6025.148,2244.026459,2356.4,-288.8,258,1.684457732,
Stellifer minor,15.4,13.6,70,60,3.61,1.91661939,6.016666667,8217.804,8391.804,2276.4,2356.4,-288.8,174,1.723710829,
Stellifer minor,15.4,13.5,75,65,6.45,2.053520775,9.923076923,14909.98,15330.98,2311.624806,2356.4,-288.8,421,1.810661447,
Stellifer minor,15.4,13.4,67,59,3.91,1.834478559,6.627118644,8924.724,9161.724,2282.538107,2356.4,-288.8,237,1.735777024,
Stellifer minor,15.4,13.2,62,53,4.08,1.697577174,7.698113208,9325.312,9488.312,2285.615686,2356.4,-288.8,163,1.740095232,
Stellifer minor,15.4,13.2,61,60,2.51,1.670196897,4.183333333,5625.764,5853.764,2241.340239,2356.4,-288.8,228,1.68088501,
Stellifer minor,15.4,13.3,57,55,2.36,1.560675789,4.290909091,5272.304,5343.304,2234.027119,2356.4,-288.8,71,1.668650238,
Stellifer minor,15.5,12.8,65,55,1.72,1.745493605,3.127272727,3764.208,3775.208,2188.493023,2356.4,-288.8,11,1.63443102,
Stellifer minor,15.5,13.6,65,57,5.76,1.745493605,10.10526316,13284.064,13436.064,2306.261111,2356.4,-288.8,152,1.790028043,
Stellifer minor,15.5,13.4,70,55,13.92,1.879762344,25.30909091,32512.288,32880.288,2335.652874,2356.4,-288.8,368,1.933907073,
Stellifer minor,15.5,13.5,65,45,3.35,1.745493605,7.444444444,7605.14,7639.14,2270.191045,2356.4,-288.8,34,1.710448325,
Stellifer minor,15.5,13.5,65,55,3,1.745493605,5.454545455,6780.4,6666.4,2260.133333,2356.4,-288.8,-114,1.691887515,
Stellifer minor,15.5,13.3,65,55,3.41,1.745493605,6.2,7746.524,8105.524,2271.707918,2356.4,-288.8,359,1.720635415,
Stellifer minor,15.5,13.5,65,50,3.72,1.745493605,7.44,8477.008,8346.008,2278.765591,2356.4,-288.8,-131,1.720878537,
Stellifer minor,15.5,13.4,64,57,2.91,1.718639858,5.105263158,6568.324,6478.324,2257.156014,2356.4,-288.8,-90,1.688612857,
Stellifer minor,15.5,13.2,55,51,5.37,1.476956128,10.52941176,12365.068,12838.068,2302.619739,2356.4,-288.8,473,1.784271889,
Stellifer minor,15.6,13.6,60,55,3.35,1.580437971,6.090909091,7605.14,7600.14,2270.191045,2356.4,-288.8,-5,1.709469166,
Stellifer minor,15.6,13.5,75,65,4.05,1.975547464,6.230769231,9254.62,9275.62,2285.091358,2356.4,-288.8,21,1.736185704,
Stellifer minor,15.6,13.6,70,65,2.12,1.843844299,3.261538462,4706.768,4712.768,2220.173585,2356.4,-288.8,6,1.654499489,
Stellifer minor,15.6,13.2,75,58,4.08,1.975547464,7.034482759,9325.312,9319.312,2285.615686,2356.4,-288.8,-6,1.736680351,
Stellifer minor,15.7,12.6,60,50,1.77,1.550430464,3.54,3882.028,3691.028,2193.236158,2356.4,-288.8,-191,1.626431028,
Stellifer minor,15.7,13.6,65,55,2.93,1.679633003,5.327272727,6615.452,6809.452,2257.833447,2356.4,-288.8,194,1.697694827,
Stellifer minor,15.7,13.6,65,50,2.71,1.679633003,5.42,6097.044,6005.044,2249.831734,2356.4,-288.8,-92,1.679466129,
Stellifer minor,15.7,13.7,75,50,4.01,1.93803808,8.02,9160.364,8971.364,2284.38005,2356.4,-288.8,-189,1.730385659,
Stellifer minor,15.7,13.8,71,62,4.2,1.834676049,6.774193548,9608.08,9574.08,2287.638095,2356.4,-288.8,-34,1.740265237,
Stellifer minor,15.7,13.6,66,56,6.46,1.705473511,11.53571429,14933.544,14804.544,2311.694118,2356.4,-288.8,-129,1.804042759,
Stellifer minor,15.7,13.7,49,64,4.69,1.266184879,7.328125,10762.716,10654.716,2294.822175,2356.4,-288.8,-108,1.755056197,
Stellifer minor,15.8,13.4,65,60,2.39,1.647942658,3.983333333,5342.996,5356.996,2235.56318,2356.4,-288.8,14,1.668000867,
Stellifer minor,15.8,13.8,80,65,3.88,2.028237117,5.969230769,8854.032,9227.032,2281.96701,2356.4,-288.8,373,1.737563255,
Stellifer minor,15.8,13.9,65,50,5.04,1.647942658,10.08,11587.456,11537.456,2299.098413,2356.4,-288.8,-50,1.766827394,
Stellifer minor,15.8,13.4,61,38,3.03,1.546530802,7.973684211,6851.092,6700.092,2261.086469,2356.4,-288.8,-151,1.692142613,
Stellifer minor,15.9,13.7,80,55,7.38,1.990208671,13.41818182,17101.432,17131.432,2317.267209,2356.4,-288.8,30,1.827063211,
Stellifer minor,15.9,13.6,64,54,2.25,1.592166937,4.166666667,5013.1,4848.1,2228.044444,2356.4,-288.8,-165,1.654173272,
Stellifer minor,15.9,13.7,65,61,3.09,1.617044545,5.06557377,6992.476,7391.476,2262.937217,2356.4,-288.8,399,1.709606056,
Sciaena deliciosa,16,14,60,65,1.39,1.46484375,2.138461538,2272.491,2720.491,1634.885612,896.9,1025.8,448,2.100848689,
Stellifer minor,16,13.8,80,65,5.53,1.953125,8.507692308,12742.092,12845.092,2304.175769,2356.4,-288.8,103,1.783170049,
Stellifer minor,16,14,75,60,2.91,1.831054688,4.85,6568.324,6410.324,2257.156014,2356.4,-288.8,-158,1.686582566,
Stellifer minor,16,13.8,65,60,3.28,1.586914063,5.466666667,7440.192,7915.192,2268.35122,2356.4,-288.8,475,1.718632203,
Stellifer minor,16,14.2,55,45,2.33,1.342773438,5.177777778,5201.612,5132.612,2232.451502,2356.4,-288.8,-69,1.662001809,
Stellifer minor,16,13.7,76,66,5.41,1.85546875,8.196969697,12459.324,12596.324,2303.017375,2356.4,-288.8,137,1.780379022,
Stellifer minor,16,14.1,61,62,4.3,1.489257813,6.935483871,9843.72,10009.72,2289.237209,2356.4,-288.8,166,1.747491222,
Stellifer minor,16,13.9,61,66,5.93,1.489257813,8.984848485,13684.652,13647.652,2307.698482,2356.4,-288.8,-37,1.791853646,
Stellifer minor,16,13.8,64,58,3.03,1.5625,5.224137931,6851.092,6848.092,2261.086469,2356.4,-288.8,-3,1.696339189,
Stellifer minor,16.1,14.1,75,70,4.11,1.797147137,5.871428571,9396.004,9408.004,2286.13236,2356.4,-288.8,12,1.738087244,
Stellifer minor,16.1,14,75,65,4.8,1.797147137,7.384615385,11021.92,10955.92,2296.233333,2356.4,-288.8,-66,1.759250157,
Stellifer minor,16.1,14,70,50,2.44,1.677337328,4.88,5460.816,5534.816,2238.039344,2356.4,-288.8,74,1.672492129,
Stellifer minor,16.1,14,69,58,4.38,1.653375366,7.551724138,10032.232,10223.232,2290.463927,2356.4,-288.8,191,1.750557243,
Stellifer minor,16.2,14,80,70,5.66,1.881676423,8.085714286,13048.424,13332.424,2305.375265,2356.4,-288.8,284,1.789257124,
Stellifer minor,16.2,14.2,85,50,4.92,1.9992812,9.84,11304.688,11216.688,2297.700813,2356.4,-288.8,-88,1.762572663,
Stellifer minor,16.3,14,70,55,4.18,1.616349327,7.6,9560.952,9809.952,2287.309091,2356.4,-288.8,249,1.745136632,
Stellifer minor,16.3,14,75,65,4.39,1.731802851,6.753846154,10055.796,10437.796,2290.614123,2356.4,-288.8,382,1.754380524,
Stellifer minor,16.4,14.1,80,50,2.65,1.813670724,5.3,5955.66,6378.66,2247.418868,2356.4,-288.8,423,1.69293295,
Stellifer minor,16.5,14.2,80,70,4.11,1.780894343,5.871428571,9396.004,9258.004,2286.13236,2356.4,-288.8,-138,1.735033996,
Stellifer minor,16.5,14.5,70,60,3.43,1.55828255,5.716666667,7793.652,7744.652,2272.201749,2356.4,-288.8,-49,1.711556603,
Stellifer minor,16.5,14,52,77,4.97,1.157581323,6.454545455,11422.508,11481.508,2298.291348,2356.4,-288.8,59,1.766529268,
Stellifer minor,16.6,14.5,75,71,3.21,1.639596563,4.521126761,7275.244,7365.244,2266.431153,2356.4,-288.8,90,1.706289262,
Stellifer minor,16.6,13.5,65,60,2.74,1.420983688,4.566666667,6167.736,6446.736,2250.99854,2356.4,-288.8,279,1.692288919,
Stellifer minor,16.7,14.6,82,75,3.1,1.760615168,4.133333333,7016.04,6955.04,2263.23871,2356.4,-288.8,-61,1.69769968,
Sciaena deliciosa,16.8,14.6,70,60,1.83,1.476284958,3.05,2667.127,2678.127,1457.446448,896.9,1025.8,11,2.351943135,
Stellifer minor,16.8,14.6,85,60,3.96,1.792631735,6.6,9042.544,9302.544,2283.470707,2356.4,-288.8,260,1.737969189,
Sciaena deliciosa,17,13.9,65,55,3.41,1.323020558,6.2,4084.229,4013.229,1197.721114,896.9,1025.8,-71,3.008625212,
Stellifer minor,17,15,80,50,3.2,1.628332994,6.4,7251.68,7395.68,2266.15,2356.4,-288.8,144,1.70729127,
Stellifer minor,17,14.8,83,67,4.79,1.689395481,7.149253731,10998.356,11140.356,2296.107724,2356.4,-288.8,142,1.762504009,
Paralonchurus peruanus,17.1,14.6,65,50,3.3,1.299945142,6.6,4724.49,4612.49,1431.663636,1351.3,265.2,-112,2.559215269,
Sciaena deliciosa,17.4,14.4,70,60,3.24,1.328771471,5.4,3931.756,4310.756,1213.504938,896.9,1025.8,379,2.995087475,
Paralonchurus peruanus,17.4,14.5,70,55,4.87,1.328771471,8.854545455,6846.031,7304.031,1405.755852,1351.3,265.2,458,2.748388066,
Paralonchurus peruanus,17.5,15.2,65,60,3.03,1.212827988,5.05,4359.639,4393.639,1438.824752,1351.3,265.2,34,2.531805464,
Sciaena deliciosa,17.7,14.5,65,60,1.6,1.172177977,2.666666667,2460.84,2353.84,1538.025,896.9,1025.8,-107,2.192277069,
Paralonchurus peruanus,17.7,14.6,65,55,2.39,1.172177977,4.345454545,3494.807,3632.807,1462.262343,1351.3,265.2,138,2.434749375,
Sciaena deliciosa,17.8,14.8,70,65,1.37,1.241189329,2.107692308,2254.553,2110.553,1645.659124,896.9,1025.8,-144,2.020100162,
Paralonchurus peruanus,17.8,15.2,65,50,3.4,1.152532948,6.8,4859.62,5087.62,1429.3,1351.3,265.2,228,2.593237715,
Paralonchurus peruanus,17.8,14.7,57,53,1.19,1.010682739,2.245283019,1873.247,1739.247,1574.157143,1351.3,265.2,-134,2.058473817,
Paralonchurus peruanus,17.8,15,56,51,2.48,0.992951463,4.862745098,3616.424,3919.424,1458.235484,1351.3,265.2,303,2.464089159,
Sciaena deliciosa,17.9,14.7,70,60,3.28,1.220503269,5.466666667,3967.632,4283.632,1209.643902,896.9,1025.8,316,3.002381235,
Paralonchurus peruanus,17.9,14.9,60,55,2.29,1.046145659,4.163636364,3359.677,3823.677,1467.10786,1351.3,265.2,464,2.44186627,
Sciaena deliciosa,18,14.5,75,70,0.8,1.28600823,1.142857143,1743.32,2147.32,2179.15,896.9,1025.8,404,1.528989179,
Stellifer minor,18,16,95,87,3.09,1.628943759,3.551724138,6992.476,7318.476,2262.937217,2356.4,-288.8,326,1.707701223,
Paralonchurus peruanus,18.1,15.3,66,63,2,1.113033436,3.174603175,2967.8,3179.8,1483.9,1351.3,265.2,212,2.360266733,
Paralonchurus peruanus,18.2,15.5,70,60,3.63,1.161138101,6.05,5170.419,5276.419,1424.357851,1351.3,265.2,106,2.613345566,
Paralonchurus peruanus,18.2,15.9,85,75,23.02,1.409953409,30.69333333,31372.126,31797.126,1362.820417,1351.3,265.2,425,3.303727925,
Paralonchurus peruanus,18.2,15.2,60,50,4.37,0.99526123,8.74,6170.381,6358.381,1411.986499,1351.3,265.2,188,2.693613962,
Paralonchurus peruanus,18.2,15.3,65,55,2.61,1.078199665,4.745454545,3792.093,3719.093,1452.909195,1351.3,265.2,-73,2.457439907,
Paralonchurus peruanus,18.3,15.6,70,60,1.5,1.142206877,2.5,2292.15,2278.15,1528.1,1351.3,265.2,-14,2.197226828,
Sciaena deliciosa,18.4,14.9,66,59,2.27,1.059474398,3.847457627,3061.763,3534.763,1348.794273,896.9,1025.8,473,2.630764655,
Sciaena deliciosa,18.5,15,75,65,2.4,1.184530038,3.692307692,3178.36,3193.36,1324.316667,896.9,1025.8,15,2.646080027,
Sciaena deliciosa,18.5,16.7,85,80,4.24,1.342467376,5.3,4828.656,5081.656,1138.833962,896.9,1025.8,253,3.254210346,
Paralonchurus peruanus,18.5,16.2,70,60,3.3,1.105561369,5.5,4724.49,4912.49,1431.663636,1351.3,265.2,188,2.578330262,
Sciaena deliciosa,18.5,16.2,90,75,3.36,1.421436045,4.48,4039.384,4420.384,1202.197619,896.9,1025.8,381,3.032330077,
Paralonchurus peruanus,18.5,15.7,75,55,4.29,1.184530038,7.8,6062.277,5948.277,1413.118182,1351.3,265.2,-114,2.670966401,
Paralonchurus peruanus,18.5,15.5,75,60,1.79,1.184530038,2.983333333,2684.027,3039.027,1499.456425,1351.3,265.2,355,2.322664735,
Paralonchurus peruanus,18.5,15.9,80,65,4.09,1.263498707,6.292307692,5792.017,5599.017,1416.141076,1351.3,265.2,-193,2.646707909,
Paralonchurus peruanus,18.5,15.9,75,60,2.69,1.184530038,4.483333333,3900.197,4243.197,1449.887361,1351.3,265.2,343,2.502051741,
Sciaena deliciosa,18.7,15.4,75,65,2.04,1.146928762,3.138461538,2855.476,2977.476,1399.743137,896.9,1025.8,122,2.481775532,
Paralonchurus peruanus,18.7,16,78,70,4.64,1.192805912,6.628571429,6535.232,6740.232,1408.455172,1351.3,265.2,205,2.718350516,
Paralonchurus peruanus,18.7,15.6,71,63,4.05,1.085759228,6.428571429,5737.965,5759.965,1416.781481,1351.3,265.2,22,2.654198896,
Sciaena deliciosa,18.8,15.6,80,75,5.25,1.203972145,7,5734.525,5879.525,1092.290476,896.9,1025.8,145,3.450860667,
Sciaena deliciosa,18.8,15.3,90,75,3.03,1.354468663,4.04,3743.407,3789.407,1235.447855,896.9,1025.8,46,2.896578143,
Paralonchurus peruanus,18.8,15.7,75,60,2.71,1.128723886,4.516666667,3927.223,3965.223,1449.159779,1351.3,265.2,38,2.483002682,
Paralonchurus peruanus,18.8,16,70,70,3.8,1.053475627,5.428571429,5400.14,5289.14,1421.089474,1351.3,265.2,-111,2.620091931,
Paralonchurus peruanus,18.8,15.9,69,63,1.21,1.038425975,1.920634921,1900.273,2106.273,1570.473554,1351.3,265.2,206,2.116250002,
Paralonchurus peruanus,18.9,16,75,62,5.55,1.110902261,8.951612903,7764.915,8041.915,1399.083784,1351.3,265.2,277,2.791369269,
Paralonchurus peruanus,19,16.3,85,75,5.23,1.239247704,6.973333333,7332.499,7485.499,1402.007457,1351.3,265.2,153,2.763338196,
Sciaena deliciosa,19,16.5,90,80,2.1,1.312144627,2.625,2909.29,3359.29,1385.37619,896.9,1025.8,450,2.545335716,
Paralonchurus peruanus,19,15.7,75,65,2.59,1.093453856,3.984615385,3765.067,4142.067,1453.693822,1351.3,265.2,377,2.488293658,
Paralonchurus peruanus,19,16.2,73,68,2.11,1.064295087,3.102941176,3116.443,3400.443,1476.987204,1351.3,265.2,284,2.391040011,
Sciaena deliciosa,19.1,15.7,75,60,2.57,1.076368951,4.283333333,3330.833,3709.833,1296.043969,896.9,1025.8,379,2.754038016,
Sciaena deliciosa,19.2,17.5,120,90,4.47,1.695421007,4.966666667,5034.943,5030.943,1126.385459,896.9,1025.8,-4,3.28630787,
Paralonchurus peruanus,19.2,16.4,80,65,5.31,1.130280671,8.169230769,7440.603,7618.603,1401.243503,1351.3,265.2,178,2.77030747,
Paralonchurus peruanus,19.2,16.5,70,70,2.91,0.988995587,4.157142857,4197.483,4215.483,1442.434021,1351.3,265.2,18,2.513007382,
Sciaena deliciosa,19.4,16.2,120,105,5.72,1.643524022,5.447619048,6156.068,6015.068,1076.235664,896.9,1025.8,-141,3.511536243,
Sciaena deliciosa,19.5,16,90,85,0.72,1.213776362,0.847058824,1671.568,1995.568,2321.622222,896.9,1025.8,324,1.421448546,
Paralonchurus peruanus,19.5,16.6,75,70,4.8,1.011480301,6.857142857,6751.44,7144.44,1406.55,1351.3,265.2,393,2.740015068,
Paralonchurus peruanus,19.5,16,75,65,2.56,1.011480301,3.938461538,3724.528,4161.528,1454.89375,1351.3,265.2,437,2.487640641,
Sciaena deliciosa,19.6,16.4,100,90,3.17,1.328103086,3.522222222,3868.973,3849.973,1220.496215,896.9,1025.8,-19,2.937704879,
Paralonchurus peruanus,19.6,16.5,85,70,4.5,1.128887623,6.428571429,6346.05,6190.05,1410.233333,1351.3,265.2,-156,2.688699854,
Sciaena deliciosa,19.7,16.7,125,110,6.37,1.634975821,5.790909091,6739.053,6917.053,1057.936107,896.9,1025.8,178,3.629634227,
Paralonchurus peruanus,19.7,16.6,85,75,2.23,1.111783559,2.973333333,3278.599,3442.599,1470.223767,1351.3,265.2,164,2.405678998,
Paralonchurus peruanus,19.8,15.8,75,60,3.84,0.966197018,6.4,5454.192,5639.192,1420.3625,1351.3,265.2,185,2.641027823,
Menticirrhus ophicephalus,20,17.4,110,100,1.71,1.375,1.71,3081.53,3351.53,1802.064327,3443,-2806,270,1.956224901,
Paralonchurus peruanus,20,16.9,80,70,3.98,1,5.685714286,5643.374,5974.374,1417.933166,1351.3,265.2,331,2.663237237,
Sciaena deliciosa,20.1,16.5,90,85,1.47,1.108292354,1.729411765,2344.243,2372.243,1594.723129,896.9,1025.8,28,2.116454645,
Paralonchurus peruanus,20.1,17.6,120,100,11.45,1.477723139,11.45,15737.585,16192.585,1374.461572,1351.3,265.2,455,3.062520096,
Sciaena deliciosa,20.1,17.2,110,90,3.5,1.354579544,3.888888889,4164.95,4136.95,1189.985714,896.9,1025.8,-28,3.039263605,
Paralonchurus peruanus,20.1,17.2,83,76,2.78,1.022091838,3.657894737,4021.814,4241.814,1446.695683,1351.3,265.2,220,2.507473868,
Sciaena deliciosa,20.2,16.5,100,85,6.18,1.213237685,7.270588235,6568.642,6412.642,1062.887055,896.9,1025.8,-156,3.581788843,
Sciaena deliciosa,20.2,17.5,130,110,3.85,1.57720899,3.5,4478.865,4791.865,1163.341558,896.9,1025.8,313,3.163735145,
Sciaena deliciosa,20.2,17.9,125,110,7.44,1.516547106,6.763636364,7698.736,7998.736,1034.776344,896.9,1025.8,300,3.771850203,
Paralonchurus peruanus,20.2,16.6,90,80,5.29,1.091913916,6.6125,7413.577,7224.577,1401.432325,1351.3,265.2,-189,2.753477535,
Sciaena deliciosa,20.2,17.1,85,80,2.02,1.031252032,2.525,2837.538,2709.538,1404.721782,896.9,1025.8,-128,2.443825738,
Cynoscion analis,20.3,17.2,100,90,6.62,1.195396242,7.355555556,12702.7,12716.7,1918.836858,1880,257.1,14,2.138990821,
Paralonchurus peruanus,20.3,17,110,95,7.01,1.314935866,7.378947368,9737.813,10232.813,1389.131669,1351.3,265.2,495,2.886691828,
Paralonchurus peruanus,20.4,17.5,90,80,3.98,1.060112626,4.975,5643.374,5447.374,1417.933166,1351.3,265.2,-196,2.634952961,
Paralonchurus peruanus,20.4,17.6,100,85,9.24,1.177902918,10.87058824,12751.212,12728.212,1380.001299,1351.3,265.2,-23,2.974466331,
Sciaena deliciosa,20.5,16.6,100,85,2.28,1.160749264,2.682352941,3070.732,3078.732,1346.812281,896.9,1025.8,8,2.590095098,
Paralonchurus peruanus,20.5,18,105,95,5.11,1.218786727,5.378947368,7170.343,7365.343,1403.198239,1351.3,265.2,195,2.755984771,
Cynoscion analis,20.5,19.5,95,80,3.01,1.1027118,3.7625,5915.9,5791.9,1965.415282,1880,257.1,-124,1.914517043,
Sciaena deliciosa,20.5,17.5,115,90,5.19,1.334861653,5.766666667,5680.711,5915.711,1094.549326,896.9,1025.8,235,3.446173563,
Sciaena deliciosa,20.6,18.5,105,95,2.25,1.201123428,2.368421053,3043.825,3366.825,1352.811111,896.9,1025.8,323,2.60732671,
Menticirrhus ophicephalus,20.6,17.1,95,80,2.08,1.08673072,2.6,4355.44,4218.44,2093.961538,3443,-2806,-137,1.731240909,
Paralonchurus peruanus,20.7,17.5,125,105,10.24,1.409285478,9.752380952,14102.512,14389.512,1377.198438,1351.3,265.2,287,3.019206203,
Sciaena deliciosa,20.7,17.3,120,105,4.05,1.352914059,3.857142857,4658.245,4576.245,1150.183951,896.9,1025.8,-82,3.182542467,
Menticirrhus ophicephalus,20.7,17.5,110,105,1.65,1.24017122,1.571428571,2874.95,3142.95,1742.393939,3443,-2806,268,2.007202501,
Sciaena deliciosa,20.8,17.1,115,100,1.75,1.277932266,1.75,2595.375,2587.375,1483.071429,896.9,1025.8,-8,2.301210388,
Menticirrhus ophicephalus,20.9,18.4,110,105,2.66,1.204907831,2.533333333,6352.38,6586.38,2388.112782,3443,-2806,234,1.599022798,
Menticirrhus ophicephalus,20.9,17.4,90,85,2.96,0.98583368,3.482352941,7385.28,7548.28,2495.027027,3443,-2806,163,1.55423086,
Paralonchurus peruanus,21,18.1,100,85,5.56,1.079796998,6.541176471,7778.428,8165.428,1398.997842,1351.3,265.2,387,2.796272329,
Sciaena deliciosa,21,19.2,120,110,3.53,1.295756398,3.209090909,4191.857,4414.857,1187.494901,896.9,1025.8,223,3.069416667,
Menticirrhus ophicephalus,21,17.7,100,90,1.18,1.079796998,1.311111111,1256.74,1602.74,1065.033898,3443,-2806,346,3.009165324,
Menticirrhus ophicephalus,21,18,105,100,3.2,1.133786848,3.2,8211.6,8449.6,2566.125,3443,-2806,238,1.530259107,
Menticirrhus ophicephalus,21,18,115,100,2.98,1.241766548,2.98,7454.14,7297.14,2501.389262,3443,-2806,-157,1.544402839,
Menticirrhus ophicephalus,21,17.3,110,100,1.89,1.187776698,1.89,3701.27,3672.27,1958.343915,3443,-2806,-29,1.820382302,
Menticirrhus ophicephalus,21,18.3,105,90,3.81,1.133786848,4.233333333,10311.83,10723.83,2706.51706,3443,-2806,412,1.489127846,
Sciaena deliciosa,21.1,18.6,140,115,5.29,1.490323912,4.6,5770.401,5573.401,1090.813043,896.9,1025.8,-197,3.434245963,
Sciaena deliciosa,21.1,18.5,125,110,4.95,1.33064635,4.5,5465.455,5426.455,1104.132323,896.9,1025.8,-39,3.382308558,
Menticirrhus ophicephalus,21.1,17.5,95,85,1.15,1.011291226,1.352941176,1153.45,1404.45,1003,3443,-2806,251,3.138092006,
Menticirrhus ophicephalus,21.2,17.2,90,80,2.89,0.944571693,3.6125,7144.27,7393.27,2472.065744,3443,-2806,249,1.565021714,
Cynoscion analis,21.2,18.3,120,105,3.52,1.259428925,3.352380952,6874.7,6785.7,1953.039773,1880,257.1,-89,1.961862072,
Paralonchurus peruanus,21.2,17.6,120,105,7.27,1.259428925,6.923809524,10089.151,10466.151,1387.77868,1351.3,265.2,377,2.896562006,
Sciaena deliciosa,21.4,17.4,115,105,4.08,1.173428198,3.885714286,4685.152,4969.152,1148.321569,896.9,1025.8,284,3.218856444,
Menticirrhus ophicephalus,21.4,18.2,130,120,3.38,1.32648405,2.816666667,8831.34,8688.34,2612.822485,3443,-2806,-143,1.507540918,
Menticirrhus ophicephalus,21.4,18.2,105,105,2.24,1.071390963,2.133333333,4906.32,5050.32,2190.321429,3443,-2806,144,1.69076504,
Menticirrhus ophicephalus,21.4,18,110,100,1.96,1.122409581,1.96,3942.28,4186.28,2011.367347,3443,-2806,244,1.800679661,
Menticirrhus ophicephalus,21.4,18,100,90,1.46,1.020372346,1.622222222,2220.78,2466.78,1521.082192,3443,-2806,246,2.230077005,
Menticirrhus ophicephalus,21.4,18,110,100,2.79,1.122409581,2.79,6799.97,6941.97,2437.265233,3443,-2806,142,1.576144722,
Menticirrhus ophicephalus,21.4,17.8,100,90,5.01,1.020372346,5.566666667,14443.43,14598.43,2882.92016,3443,-2806,155,1.444475019,f
Paralonchurus peruanus,21.4,18.4,135,105,6.37,1.377502667,6.066666667,8872.981,8963.981,1392.932653,1351.3,265.2,91,2.837539144,
Menticirrhus ophicephalus,21.4,18.2,115,105,14.4,1.173428198,13.71428571,46773.2,46781.2,3248.138889,3443,-2806,8,1.437768371,
Menticirrhus ophicephalus,21.5,18,110,100,3.16,1.106820783,3.16,8073.88,8291.88,2555.025316,3443,-2806,218,1.53370418,
Menticirrhus ophicephalus,21.5,19,115,105,2.83,1.157130819,2.695238095,6937.69,6853.69,2451.480565,3443,-2806,-84,1.564737861,
Cynoscion analis,21.5,19,94,86,1.99,0.945828669,2.313953488,3998.3,4413.3,2009.19598,1880,257.1,415,1.814040784,
Menticirrhus ophicephalus,21.5,18.6,120,105,5.81,1.207440854,5.533333333,17197.83,17290.83,2960.039587,3443,-2806,93,1.431675394,
Sciaena deliciosa,21.6,18.2,110,100,1.47,1.091519331,1.47,2344.243,2215.243,1594.723129,896.9,1025.8,-129,2.097807018,
Menticirrhus ophicephalus,21.6,18.2,110,100,2.09,1.091519331,2.09,4389.87,4227.87,2100.416268,3443,-2806,-162,1.726382375,
Menticirrhus ophicephalus,21.6,17.9,125,105,2.63,1.240362877,2.504761905,6249.09,6528.09,2376.079848,3443,-2806,279,1.605495765,
Menticirrhus ophicephalus,21.6,19,125,115,3.91,1.240362877,3.4,10656.13,11073.13,2725.352941,3443,-2806,417,1.483943726,
Menticirrhus ophicephalus,21.7,18.7,115,100,4.64,1.125430391,4.64,13169.52,13131.52,2838.258621,3443,-2806,-38,1.451000613,
Menticirrhus ophicephalus,21.8,18.2,115,100,3.48,1.110013753,3.48,9175.64,9447.64,2636.678161,3443,-2806,272,1.507701393,
Menticirrhus ophicephalus,21.8,18.3,105,100,4.13,1.013490818,4.13,11413.59,11235.59,2763.581114,3443,-2806,-178,1.465705444,
Sciaena deliciosa,21.9,19.4,140,115,4.58,1.33289424,3.982608696,5133.602,5329.602,1120.873799,896.9,1025.8,196,3.324812108,
Menticirrhus ophicephalus,21.9,19.3,160,140,5.88,1.523307703,4.2,17438.84,17332.84,2965.789116,3443,-2806,-106,1.429255272,
Menticirrhus ophicephalus,21.9,19.2,125,110,3.4,1.190084143,3.090909091,8900.2,8949.2,2617.705882,3443,-2806,49,1.509636449,
Menticirrhus ophicephalus,22,19.2,150,130,6.21,1.408715252,4.776923077,18575.03,18944.03,2991.148148,3443,-2806,369,1.430043636,
Cynoscion analis,22,19.3,105,100,3.75,0.986100676,3.75,7307.1,7193.1,1948.56,1880,257.1,-114,1.979367378,
Menticirrhus ophicephalus,22,18.6,125,120,3.05,1.173929376,2.541666667,7695.15,7816.15,2523,3443,-2806,121,1.54300154,
Menticirrhus ophicephalus,22,19,115,105,2.95,1.080015026,2.80952381,7350.85,7247.85,2491.813559,3443,-2806,-103,1.54915651,
Menticirrhus ophicephalus,22,18.6,120,110,4.28,1.126972201,3.890909091,11930.04,11772.04,2787.392523,3443,-2806,-158,1.460451549,
Menticirrhus ophicephalus,22,18,120,110,4.01,1.126972201,3.645454545,11000.43,11223.43,2743.249377,3443,-2806,223,1.476397165,
Menticirrhus ophicephalus,22,18.3,120,115,2.64,1.126972201,2.295652174,6283.52,6259.52,2380.121212,3443,-2806,-24,1.59510407,
Menticirrhus ophicephalus,22,18.5,105,100,1.26,0.986100676,1.26,1532.18,1607.18,1216.015873,3443,-2806,75,2.636531801,
Cynoscion analis,22,19.5,130,130,5.59,1.220886551,4.3,10766.3,10937.3,1925.992844,1880,257.1,171,2.097053546,
Menticirrhus ophicephalus,22.1,18.3,140,110,3.45,1.297033564,3.136363636,9072.35,9075.35,2629.666667,3443,-2806,3,1.505081778,
Menticirrhus ophicephalus,22.1,18.5,125,111,1.34,1.158065682,1.207207207,1807.62,2210.62,1348.970149,3443,-2806,403,2.479309195,
Menticirrhus ophicephalus,22.2,18.1,115,105,3.63,1.051087611,3.457142857,9692.09,9586.09,2669.997245,3443,-2806,-106,1.491253038,
Cynoscion analis,22.2,18.7,105,95,7.17,0.959688688,7.547368421,13736.7,14135.7,1915.857741,1880,257.1,399,2.166297232,
Menticirrhus ophicephalus,22.2,18.5,120,115,2.96,1.096787072,2.573913043,7385.28,7746.28,2495.027027,3443,-2806,361,1.558737901,
Menticirrhus ophicephalus,22.2,18.6,100,95,1.36,0.913989227,1.431578947,1876.48,2260.48,1379.764706,3443,-2806,384,2.430994687,
Menticirrhus ophicephalus,22.2,18.4,125,105,2.68,1.142486533,2.552380952,6421.24,6773.24,2395.985075,3443,-2806,352,1.59883987,
Menticirrhus ophicephalus,22.2,18.3,115,110,1.49,1.051087611,1.354545455,2324.07,2457.07,1559.778523,3443,-2806,133,2.173653168,
Menticirrhus ophicephalus,22.3,19.1,120,115,2.85,1.082098156,2.47826087,7006.55,7238.55,2458.438596,3443,-2806,232,1.569960537,
Menticirrhus ophicephalus,22.3,19.5,130,115,5.37,1.172273002,4.669565217,15682.91,15647.91,2920.467412,3443,-2806,-35,1.43622775,
Sciaena deliciosa,22.3,18.9,120,110,3.7,1.082098156,3.363636364,4344.33,4612.33,1174.143243,896.9,1025.8,268,3.120505435,
Menticirrhus ophicephalus,22.4,20.1,130,120,3.87,1.156642903,3.225,10518.41,10359.41,2717.935401,3443,-2806,-159,1.477347483,
Menticirrhus ophicephalus,22.4,19.2,155,135,6.3,1.37907423,4.666666667,18884.9,18840.9,2997.603175,3443,-2806,-44,1.426173311,
Cynoscion analis,22.4,19,130,115,5,1.156642903,4.347826087,9657.1,9824.1,1931.42,1880,257.1,167,2.067024663,
Menticirrhus ophicephalus,22.4,18.1,125,105,5.3,1.112156637,5.047619048,15441.9,15471.9,2913.566038,3443,-2806,30,1.437943604,
Menticirrhus ophicephalus,22.4,18.5,115,110,1.2,1.023184106,1.090909091,1325.6,1339.6,1104.666667,3443,-2806,14,2.83069566,
Menticirrhus ophicephalus,22.5,18.1,130,115,3.66,1.141289438,3.182608696,9795.38,10279.38,2676.333333,3443,-2806,484,1.499053526,
Menticirrhus ophicephalus,22.5,19.6,130,115,4.52,1.141289438,3.930434783,12756.36,12748.36,2822.20354,3443,-2806,-8,1.454698168,
Menticirrhus ophicephalus,22.5,18.8,110,105,2.6,0.965706447,2.476190476,6145.8,5985.8,2363.769231,3443,-2806,-160,1.597923415,
Menticirrhus ophicephalus,22.5,19.5,120,100,1.21,1.053497942,1.21,1360.03,1312.03,1123.991736,3443,-2806,-48,2.773991718,
Menticirrhus ophicephalus,22.5,19.3,110,105,0.88,0.965706447,0.838095238,223.84,285.84,254.3636364,3443,-2806,62,9.655951764,
Menticirrhus ophicephalus,22.5,19,125,110,1.5,1.09739369,1.363636364,2358.5,2777.5,1572.333333,3443,-2806,419,2.190155226,
Cynoscion analis,22.5,20,110,105,3.92,0.965706447,3.733333333,7626.7,7815.7,1945.586735,1880,257.1,189,2.000922298,
Cynoscion analis,22.6,20.3,120,115,5.98,1.039575243,5.2,11499.5,11922.5,1922.993311,1880,257.1,423,2.119803178,
Menticirrhus ophicephalus,22.6,19,120,100,1.4,1.039575243,1.4,2014.2,2044.2,1438.714286,3443,-2806,30,2.301029062,
Menticirrhus ophicephalus,22.6,18.6,115,105,2.34,0.996259608,2.228571429,5250.62,5649.62,2243.854701,3443,-2806,399,1.672131104,
Menticirrhus ophicephalus,22.6,18.3,125,115,5.02,1.082890879,4.365217391,14477.86,14323.86,2884.035857,3443,-2806,-154,1.441057003,
Menticirrhus ophicephalus,22.6,19,120,110,7.54,1.039575243,6.854545455,23154.22,23262.22,3070.851459,3443,-2806,108,1.421967561,
Menticirrhus ophicephalus,22.6,19.4,170,150,9.8,1.472731595,6.533333333,30935.4,30970.4,3156.673469,3443,-2806,35,1.422683359,
Cynoscion analis,22.6,19,115,100,2.05,0.996259608,2.05,4111.1,3945.1,2005.414634,1880,257.1,-166,1.793174317,
Menticirrhus ophicephalus,22.7,18.6,125,120,2.54,1.068642498,2.116666667,5939.22,6187.22,2338.275591,3443,-2806,248,1.621492169,
Menticirrhus ophicephalus,22.7,19.3,150,140,2.84,1.282370998,2.028571429,6972.12,7449.12,2454.971831,3443,-2806,477,1.577250265,
Menticirrhus ophicephalus,22.7,19.2,130,100,3.27,1.111388198,3.27,8452.61,8627.61,2584.896024,3443,-2806,175,1.522649448,
Menticirrhus ophicephalus,22.7,19,130,110,3.5,1.111388198,3.181818182,9244.5,9240.5,2641.285714,3443,-2806,-4,1.501426161,
Menticirrhus ophicephalus,22.8,19.3,125,120,5.78,1.054642994,4.816666667,17094.54,17523.54,2957.532872,3443,-2806,429,1.434851962,
Menticirrhus ophicephalus,22.9,19.5,150,135,3.48,1.249064347,2.577777778,9175.64,9027.64,2636.678161,3443,-2806,-148,1.500211247,
Sciaena deliciosa,22.9,19.3,125,115,2.97,1.040886956,2.582608696,3689.593,3916.593,1242.287205,896.9,1025.8,227,2.892172138,
Menticirrhus ophicephalus,23,19.2,135,120,3.4,1.109558642,2.833333333,8900.2,8914.2,2617.705882,3443,-2806,14,1.508986323,
Menticirrhus ophicephalus,23,19.7,155,140,3.09,1.2739377,2.207142857,7832.87,8164.87,2534.909385,3443,-2806,332,1.54323042,
Menticirrhus ophicephalus,23,19,145,130,3.35,1.191748171,2.576923077,8728.05,8528.05,2605.38806,3443,-2806,-200,1.508738678,
Menticirrhus ophicephalus,23,19.2,135,120,3.76,1.109558642,3.133333333,10139.68,10143.68,2696.723404,3443,-2806,4,1.485578956,
Sciaena deliciosa,23,19.7,160,135,3,1.315032465,2.222222222,3716.5,3638.5,1238.833333,896.9,1025.8,-78,2.87441602,
Menticirrhus ophicephalus,23.1,20.3,150,130,3.8,1.2169012,2.923076923,10277.4,10092.4,2704.578947,3443,-2806,-185,1.480450204,
Menticirrhus ophicephalus,23.1,19.8,140,110,4.04,1.135774453,3.672727273,11103.72,11311.72,2748.445545,3443,-2806,208,1.474844082,
Menticirrhus ophicephalus,23.1,19.3,120,110,1.22,0.97352096,1.109090909,1394.46,1532.46,1143,3443,-2806,138,2.786867146,
Cynoscion analis,23.1,20.5,145,145,5.41,1.176337827,3.731034483,10427.9,10473.9,1927.523105,1880,257.1,46,2.085634363,
Cynoscion analis,23.1,21.2,145,130,5.56,1.176337827,4.276923077,10709.9,10877.9,1926.241007,1880,257.1,168,2.095555565,
Menticirrhus ophicephalus,23.2,19,135,125,3.01,1.081109824,2.408,7557.43,7527.43,2510.774086,3443,-2806,-30,1.544004595,
Menticirrhus ophicephalus,23.2,19.4,180,120,6.17,1.441479765,5.141666667,18437.31,18892.31,2988.218801,3443,-2806,455,1.431048176,
Menticirrhus ophicephalus,23.2,19,130,120,2.24,1.04106872,1.866666667,4906.32,4761.32,2190.321429,3443,-2806,-145,1.679081126,
Menticirrhus ophicephalus,23.2,19.2,130,120,4.73,1.04106872,3.941666667,13479.39,13914.39,2849.765328,3443,-2806,435,1.453966799,
Menticirrhus ophicephalus,23.2,21.6,145,130,4.87,1.161192033,3.746153846,13961.41,14383.41,2866.819302,3443,-2806,422,1.450339705,
Menticirrhus ophicephalus,23.3,18.9,125,115,2.36,0.988194085,2.052173913,5319.48,5151.48,2254.016949,3443,-2806,-168,1.6468075,
Menticirrhus ophicephalus,23.3,18.8,130,115,2.08,1.027721848,1.808695652,4355.44,4479.44,2093.961538,3443,-2806,124,1.743691876,
Menticirrhus ophicephalus,23.3,20.2,140,130,4.83,1.106777375,3.715384615,13823.69,14277.69,2862.047619,3443,-2806,454,1.451638303,
Menticirrhus ophicephalus,23.3,19.6,125,120,4.11,0.988194085,3.425,11344.73,11490.73,2760.274939,3443,-2806,146,1.470993908,
Menticirrhus ophicephalus,23.3,20,130,125,2.35,1.027721848,1.88,5285.05,5701.05,2248.957447,3443,-2806,416,1.670087113,
Menticirrhus ophicephalus,23.4,21.2,155,125,6.47,1.209717953,5.176,19470.21,19739.21,3009.306028,3443,-2806,269,1.427348939,
Menticirrhus ophicephalus,23.4,20,150,125,6.29,1.170694793,5.032,18850.47,18737.47,2996.895072,3443,-2806,-113,1.425712562,
Menticirrhus ophicephalus,23.4,19.6,140,120,5.36,1.092648474,4.466666667,15648.48,15471.48,2919.492537,3443,-2806,-177,1.435020575,
Menticirrhus ophicephalus,23.4,20,130,120,4.53,1.014602154,3.775,12790.79,12738.79,2823.573951,3443,-2806,-52,1.453876629,
Menticirrhus ophicephalus,23.4,19.4,125,115,7.07,0.975578994,6.147826087,21536.01,21936.01,3046.11174,3443,-2806,400,1.425147206,
Menticirrhus ophicephalus,23.4,19.4,110,90,2.59,0.858509515,2.877777778,6111.37,6336.37,2359.602317,3443,-2806,225,1.611220883,
Menticirrhus ophicephalus,23.4,19.1,140,120,1.85,1.092648474,1.541666667,3563.55,3995.55,1926.243243,3443,-2806,432,1.869741312,
Cynoscion analis,23.5,20,150,135,8.34,1.155813259,6.177777778,15936.3,16322.3,1910.827338,1880,257.1,386,2.204689703,
Menticirrhus ophicephalus,23.5,20.2,175,160,4.74,1.348448802,2.9625,13513.82,13328.82,2851.016878,3443,-2806,-185,1.446779125,
Menticirrhus ophicephalus,23.5,20.7,150,150,3.05,1.155813259,2.033333333,7695.15,8164.15,2523,3443,-2806,469,1.550499792,
Menticirrhus ophicephalus,23.5,19.8,165,150,3.81,1.271394585,2.54,10311.83,10474.83,2706.51706,3443,-2806,163,1.48535808,
Menticirrhus ophicephalus,23.5,19.6,125,115,3.12,0.963177716,2.713043478,7936.16,8285.16,2543.641026,3443,-2806,349,1.540429982,
Menticirrhus ophicephalus,23.5,20.3,130,120,1.35,1.001704825,1.125,1842.05,1660.05,1364.481481,3443,-2806,-182,2.359959598,
Menticirrhus ophicephalus,23.5,19.5,140,125,3.56,1.078759042,2.848,9451.08,9274.08,2654.797753,3443,-2806,-177,1.494377805,
Cynoscion analis,23.5,20.6,21,110,3.07,0.161813856,2.790909091,6028.7,6279.7,1963.745928,1880,257.1,251,1.934027637,
Menticirrhus ophicephalus,23.5,19,145,130,3.83,1.11728615,2.946153846,10380.69,10441.69,2710.362924,3443,-2806,61,1.482742683,
Menticirrhus ophicephalus,23.6,20.2,165,150,3.18,1.255301175,2.12,8142.74,8182.74,2560.610063,3443,-2806,40,1.528111917,
Menticirrhus ophicephalus,23.6,20.3,150,130,3.23,1.141182886,2.484615385,8314.89,8604.89,2574.26935,3443,-2806,290,1.528490142,
Menticirrhus ophicephalus,23.6,20.2,145,130,5.48,1.103143457,4.215384615,16061.64,16144.64,2930.956204,3443,-2806,83,1.435718609,
Menticirrhus ophicephalus,23.6,19.7,135,125,1.26,1.027064598,1.008,1532.18,1925.18,1216.015873,3443,-2806,393,2.701010253,
Menticirrhus ophicephalus,23.7,19.3,125,120,3.88,0.938998665,3.233333333,10552.84,10810.84,2719.804124,3443,-2806,258,1.483143365,
Menticirrhus ophicephalus,23.7,20,150,130,4.32,1.126798398,3.323076923,12067.76,12521.76,2793.462963,3443,-2806,454,1.466876572,
Menticirrhus ophicephalus,23.7,19.5,150,140,3.13,1.126798398,2.235714286,7970.59,8280.59,2546.514377,3443,-2806,310,1.538597746,
Menticirrhus ophicephalus,23.7,21,170,155,3.86,1.277038185,2.490322581,10483.98,10405.98,2716.056995,3443,-2806,-78,1.479086409,
Menticirrhus ophicephalus,23.7,20.2,160,145,2.22,1.201918292,1.531034483,4837.46,5260.46,2179.036036,3443,-2806,423,1.707646712,
Menticirrhus ophicephalus,23.7,20.8,165,145,4.02,1.239478238,2.772413793,11034.86,11331.86,2744.99005,3443,-2806,297,1.476982112,
Menticirrhus ophicephalus,23.7,20.2,165,150,5.52,1.239478238,3.68,16199.36,16339.36,2934.666667,3443,-2806,140,1.435677547,
Menticirrhus ophicephalus,23.7,20.5,165,150,4.22,1.239478238,2.813333333,11723.46,12109.46,2778.07109,3443,-2806,386,1.469769723,
Menticirrhus ophicephalus,23.7,20.5,170,150,6.01,1.277038185,4.006666667,17886.43,18134.43,2976.111481,3443,-2806,248,1.430895293,
Menticirrhus ophicephalus,23.7,19.9,140,122,1.64,1.051678505,1.344262295,2840.52,3312.52,1732.02439,3443,-2806,472,2.032395461,
Menticirrhus ophicephalus,23.7,19.4,160,150,5.41,1.201918292,3.606666667,15820.63,15720.63,2924.330869,3443,-2806,-100,1.435018859,
Menticirrhus ophicephalus,23.8,18.8,120,115,3.45,0.890123721,3,9072.35,8989.35,2629.666667,3443,-2806,-83,1.5035093,
Menticirrhus ophicephalus,23.8,19.6,150,135,3.77,1.112654652,2.792592593,10174.11,10016.11,2698.702918,3443,-2806,-158,1.482452573,
Cynoscion analis,23.8,21.3,136,123,2.22,1.008806884,1.804878049,4430.7,4245.7,1995.810811,1880,257.1,-185,1.817782169,
Menticirrhus ophicephalus,23.9,19.2,130,120,4,0.95224708,3.333333333,10966,10954,2741.5,3443,-2806,-12,1.473489964,
Menticirrhus ophicephalus,23.9,20.6,155,140,3.21,1.135371518,2.292857143,8246.03,8515.03,2568.856698,3443,-2806,269,1.529935938,
Menticirrhus ophicephalus,23.9,20,135,120,3.79,0.988871967,3.158333333,10242.97,10604.97,2702.630607,3443,-2806,362,1.489478227,
Menticirrhus ophicephalus,24,19.5,150,145,1.89,1.085069444,1.303448276,3701.27,4191.27,1958.343915,3443,-2806,490,1.849698416,
Menticirrhus ophicephalus,24,19.6,150,135,5.49,1.085069444,4.066666667,16096.07,16064.07,2931.888889,3443,-2806,-32,1.434520798,
Menticirrhus ophicephalus,24,20.5,170,155,3.78,1.22974537,2.438709677,10208.54,10343.54,2700.671958,3443,-2806,135,1.486544557,
Menticirrhus ophicephalus,24,20.3,160,150,3.16,1.157407407,2.106666667,8073.88,8294.88,2555.025316,3443,-2806,221,1.533765667,
Menticirrhus ophicephalus,24,20.2,130,120,2.89,0.940393519,2.408333333,7144.27,7570.27,2472.065744,3443,-2806,426,1.569178077,
Menticirrhus ophicephalus,24,20.2,165,145,7.37,1.193576389,5.082758621,22568.91,22799.91,3062.2673,3443,-2806,231,1.423106707,
Menticirrhus ophicephalus,24,20.5,190,165,5.67,1.374421296,3.436363636,16715.81,16957.81,2948.114638,3443,-2806,242,1.434601528,
Menticirrhus ophicephalus,24,20.7,160,150,3.16,1.157407407,2.106666667,8073.88,8091.88,2555.025316,3443,-2806,18,1.529554094,
Menticirrhus ophicephalus,24,20,155,135,5.6,1.121238426,4.148148148,16474.8,16654.8,2941.928571,3443,-2806,180,1.434956465,
Menticirrhus ophicephalus,24,20.1,145,130,5.91,1.048900463,4.546153846,17542.13,17845.13,2968.211506,3443,-2806,303,1.432350662,
Menticirrhus ophicephalus,24,20.1,140,130,1.47,1.012731481,1.130769231,2255.21,2180.21,1534.156463,3443,-2806,-75,2.176113329,
Menticirrhus ophicephalus,24.1,21,160,145,10.61,1.143059546,7.317241379,33724.23,33859.23,3178.532516,3443,-2806,135,1.425084392,
Menticirrhus ophicephalus,24.1,20.4,130,120,6.05,0.928735881,5.041666667,18024.15,18116.15,2979.198347,3443,-2806,92,1.429265665,
Menticirrhus ophicephalus,24.1,20.3,150,135,8.47,1.071618324,6.274074074,26356.21,26382.21,3111.713105,3443,-2806,26,1.4208608,
Menticirrhus ophicephalus,24.2,20.5,155,135,8.51,1.093668239,6.303703704,26493.93,26441.93,3113.27027,3443,-2806,-52,1.420465545,
Menticirrhus ophicephalus,24.2,21,155,140,10.55,1.093668239,7.535714286,33517.65,33817.65,3177.028436,3443,-2806,300,1.425591088,
Menticirrhus ophicephalus,24.3,20.2,190,170,4.81,1.324142668,2.829411765,13754.83,14194.83,2859.632017,3443,-2806,440,1.451980595,
Menticirrhus ophicephalus,24.3,20.5,140,130,3.6,0.975684071,2.769230769,9588.8,9686.8,2663.555556,3443,-2806,98,1.496563616,
Menticirrhus ophicephalus,24.3,21.2,160,80,9.04,1.11506751,11.3,28318.72,28623.72,3132.60177,3443,-2806,305,1.422691552,
Menticirrhus ophicephalus,24.4,21.3,180,120,3.58,1.239090497,2.983333333,9519.94,9811.94,2659.201117,3443,-2806,292,1.501110562,
Menticirrhus ophicephalus,24.4,20.7,155,135,9.46,1.066994594,7.007407407,29764.78,29794.78,3146.382664,3443,-2806,30,1.421994926,
Menticirrhus ophicephalus,24.4,20.4,160,140,7.61,1.101413775,5.435714286,23395.23,23360.23,3074.274639,3443,-2806,-35,1.420978158,
Menticirrhus ophicephalus,24.5,20.7,185,155,3.72,1.257979243,2.4,10001.96,9849.96,2688.698925,3443,-2806,-152,1.485266509,
Menticirrhus ophicephalus,24.5,21,155,145,4.25,1.053982609,2.931034483,11826.75,11913.75,2782.764706,3443,-2806,87,1.464747801,
Cynoscion analis,24.5,20.6,150,140,3.02,1.01998317,2.157142857,5934.7,5974.7,1965.13245,1880,257.1,40,1.921659837,
Menticirrhus ophicephalus,24.5,20.3,160,145,4.66,1.087982048,3.213793103,13238.38,13130.38,2840.854077,3443,-2806,-108,1.44966168,
Menticirrhus ophicephalus,24.6,20,175,149,13.17,1.175527321,8.838926174,42538.31,42983.31,3229.940015,3443,-2806,445,1.4344848,
Menticirrhus ophicephalus,24.7,20.2,165,145,8.51,1.094946966,5.868965517,26493.93,26885.93,3113.27027,3443,-2806,392,1.422788476,
Cynoscion analis,24.7,21,155,140,4.09,1.028586544,2.921428571,7946.3,8039.3,1942.860636,1880,257.1,93,2.010035184,
Menticirrhus ophicephalus,24.8,20.5,165,155,5.22,1.081754976,3.367741935,15166.46,15206.46,2905.452107,3443,-2806,40,1.43937259,
Menticirrhus ophicephalus,24.9,21.5,180,160,5.61,1.165935334,3.50625,16509.23,16817.23,2942.821747,3443,-2806,308,1.435953254,
Cynoscion analis,25,23,185,160,12.42,1.184,7.7625,23606.7,23747.7,1900.700483,1880,257.1,141,2.302109981,
Menticirrhus ophicephalus,25,20.9,175,155,3.69,1.12,2.380645161,9898.67,10361.67,2682.566396,3443,-2806,463,1.496861276,
Menticirrhus ophicephalus,25,21,160,145,3.46,1.024,2.386206897,9106.78,9600.78,2632.017341,3443,-2806,494,1.513024423,
Cynoscion analis,25,22.6,165,150,12.51,1.056,8.34,23775.9,23797.9,1900.551559,1880,257.1,22,2.302772906,
Cynoscion analis,25,22.3,150,140,4.67,0.96,3.335714286,9036.7,8883.7,1935.053533,1880,257.1,-153,2.040560541,
Cynoscion analis,25,22.6,180,165,5.49,1.152,3.327272727,10578.3,10764.3,1926.830601,1880,257.1,186,2.092548141,
Menticirrhus ophicephalus,25,21,165,160,5.4,1.056,3.375,15786.2,15985.2,2923.37037,3443,-2806,199,1.43796972,
Menticirrhus ophicephalus,25,20.7,180,160,7.15,1.152,4.46875,21811.45,21970.45,3050.552448,3443,-2806,159,1.423295953,
Cynoscion analis,25,23,140,135,2.59,0.896,1.918518519,5126.3,5102.3,1979.266409,1880,257.1,-24,1.873303145,
Cynoscion analis,25.2,22.3,165,155,5.47,1.031056161,3.529032258,10540.7,10987.7,1927.001828,1880,257.1,447,2.096991676,
Menticirrhus ophicephalus,25.2,21.6,190,160,11.41,1.187276792,7.13125,36478.63,36757.63,3197.075372,3443,-2806,279,1.427976188,
Menticirrhus ophicephalus,25.2,21.3,190,175,8.06,1.187276792,4.605714286,24944.58,24984.58,3094.861042,3443,-2806,40,1.420959453,
Menticirrhus ophicephalus,25.2,21.2,160,140,5.3,0.999812035,3.785714286,15441.9,15520.9,2913.566038,3443,-2806,79,1.438414934,
Menticirrhus ophicephalus,25.3,21.2,165,155,5.71,1.018878459,3.683870968,16853.53,16745.53,2951.581436,3443,-2806,-108,1.431062971,
Cynoscion analis,25.3,22,170,160,5.2,1.049753564,3.25,10033.1,10228.1,1929.442308,1880,257.1,195,2.078214492,
Menticirrhus ophicephalus,25.3,21.4,180,160,4.73,1.111503774,2.95625,13479.39,13773.39,2849.765328,3443,-2806,294,1.452414627,
Menticirrhus ophicephalus,25.3,21.1,180,161,8.02,1.111503774,4.98136646,24806.86,25286.86,3093.124688,3443,-2806,480,1.423445657,
Menticirrhus ophicephalus,25.5,20.5,170,155,6.63,1.0252467,4.277419355,20021.09,19982.09,3019.772247,3443,-2806,-39,1.424160684,
Cynoscion analis,25.5,22.3,160,150,3.36,0.964938071,2.24,6573.9,6954.9,1956.517857,1880,257.1,381,1.963841462,
Menticirrhus ophicephalus,25.5,21,200,172,7.88,1.206172588,4.581395349,24324.84,24365.84,3086.908629,3443,-2806,41,1.421092075,
Cynoscion analis,25.6,23,190,170,7.51,1.132488251,4.417647059,14375.9,14241.9,1914.234354,1880,257.1,-134,2.169832509,
Menticirrhus ophicephalus,25.6,21.1,180,165,6.57,1.072883606,3.981818182,19814.51,19667.51,3015.907154,3443,-2806,-147,1.423700784,
Cynoscion analis,25.6,22.2,170,150,7.15,1.013278961,4.766666667,13699.1,13818.1,1915.958042,1880,257.1,119,2.161032883,
Menticirrhus ophicephalus,25.7,21.3,200,185,11.46,1.17823149,6.194594595,36650.78,36641.78,3198.148342,3443,-2806,-9,1.427068439,
Cynoscion analis,25.7,22.5,170,160,8.19,1.001496766,5.11875,15654.3,15468.3,1911.391941,1880,257.1,-186,2.19182811,
Cynoscion analis,25.8,22,200,180,8.43,1.164584157,4.683333333,16105.5,16477.5,1910.498221,1880,257.1,372,2.207220753,
Cynoscion analis,25.8,22.7,185,170,10.47,1.077240345,6.158823529,19940.7,20052.7,1904.555874,1880,257.1,112,2.258885085,
Menticirrhus ophicephalus,25.9,23.3,200,180,13.92,1.151146781,7.733333333,45120.56,44921.56,3241.41954,3443,-2806,-199,1.435313995,
Menticirrhus ophicephalus,25.9,21.4,205,185,12.05,1.179925451,6.513513514,38682.15,38758.15,3210.136929,3443,-2806,76,1.429335614,
Menticirrhus ophicephalus,26,22.6,220,195,11.78,1.251706873,6.041025641,37752.54,38241.54,3204.79966,3443,-2806,489,1.429897609,
Sciaena deliciosa,26,22.5,270,235,9.38,1.536185708,3.991489362,9438.722,9635.722,1006.260341,896.9,1025.8,197,3.959098952,
Menticirrhus ophicephalus,26,21.9,205,180,5.34,1.166363223,2.966666667,15579.62,15407.62,2917.531835,3443,-2806,-172,1.435369276,
Menticirrhus ophicephalus,26,21.8,200,170,5.39,1.137915339,3.170588235,15751.77,15961.77,2922.406308,3443,-2806,210,1.438226107,
Menticirrhus ophicephalus,26,21.9,225,205,2.33,1.280154756,1.136585366,5216.19,5487.19,2238.708155,3443,-2806,271,1.670315977,
Menticirrhus ophicephalus,26,22.3,220,180,9.73,1.251706873,5.405555556,30694.39,30888.39,3154.613566,3443,-2806,194,1.42324731,
Sciaena deliciosa,26,21.8,185,170,6.46,1.052571689,3.8,6819.774,7218.774,1055.69257,896.9,1025.8,399,3.654912004,
Menticirrhus ophicephalus,26,21.5,180,175,6.68,1.024123805,3.817142857,20193.24,20615.24,3022.94012,3443,-2806,422,1.427149803,
Menticirrhus ophicephalus,26.2,22,180,175,5.39,1.000849165,3.08,15751.77,15670.77,2922.406308,3443,-2806,-81,1.435491815,
Cynoscion analis,26.3,22.6,180,155,11.06,0.989475988,7.135483871,21049.9,20957.9,1903.245931,1880,257.1,-92,2.270514647,
Menticirrhus ophicephalus,26.4,22,185,170,5.75,1.005448771,3.382352941,16991.25,17129.25,2955,3443,-2806,138,1.432737174,
Cynoscion analis,26.4,23.3,195,185,5.99,1.059797354,3.237837838,11518.3,11725.3,1922.921536,1880,257.1,207,2.116115446,
Cynoscion analis,26.4,22,285,160,8.64,1.548934594,5.4,16500.3,16971.3,1909.756944,1880,257.1,471,2.214792371,
Menticirrhus ophicephalus,26.5,22.6,210,190,5.39,1.128448316,2.836842105,15751.77,16073.77,2922.406308,3443,-2806,322,1.439265217,
Menticirrhus ophicephalus,26.5,22.3,220,195,8.36,1.182183951,4.287179487,25977.48,25863.48,3107.354067,3443,-2806,-114,1.420078583,
Menticirrhus ophicephalus,26.5,22.3,195,180,7.58,1.047844865,4.211111111,23291.94,23308.94,3072.815303,3443,-2806,17,1.42134235,
Menticirrhus ophicephalus,26.6,22.5,200,185,10.3,1.062637372,5.567567568,32656.9,33043.9,3170.572816,3443,-2806,387,1.425323297,
Menticirrhus ophicephalus,26.7,22.1,200,175,6.56,1.050742289,3.748571429,19780.08,19779.08,3015.256098,3443,-2806,-1,1.42482295,
Menticirrhus ophicephalus,27,22.5,180,160,7.7,0.914494742,4.8125,23705.1,24108.1,3078.584416,3443,-2806,403,1.423434408,
Cynoscion analis,27,22.5,210,190,9.79,1.066910532,5.152631579,18662.3,18636.3,1906.261491,1880,257.1,-26,2.240175187,
Menticirrhus ophicephalus,27.1,23.2,205,180,4.61,1.030020785,2.561111111,13066.23,13235.23,2834.32321,3443,-2806,169,1.454220703,
Cynoscion analis,27.2,24,200,135,9.36,0.993855587,6.933333333,17853.9,18168.9,1907.467949,1880,257.1,315,2.232975205,
Menticirrhus ophicephalus,27.4,22,225,200,15.39,1.093782145,7.695,50181.77,50191.77,3260.673814,3443,-2806,10,1.441613844,
Cynoscion analis,27.5,23.2,215,190,10.7,1.033809166,5.631578947,20373.1,20647.1,1904.028037,1880,257.1,274,2.26617412,
Cynoscion analis,27.7,24.6,225,205,8.39,1.058627596,4.092682927,16030.3,15953.3,1910.643623,1880,257.1,-77,2.199704058,
Cynoscion analis,27.7,23,230,200,15.83,1.082152654,7.915,30017.5,30152.5,1896.241314,1880,257.1,135,2.362211652,
Cynoscion analis,27.9,24.6,230,200,18.48,1.05904698,9.24,34999.5,35051.5,1893.912338,1880,257.1,52,2.39963937,
Cynoscion analis,27.9,23.3,240,205,14.8,1.105092501,7.219512195,28081.1,27907.1,1897.371622,1880,257.1,-174,2.343091178,
Menticirrhus ophicephalus,27.9,23.1,220,210,9.87,1.013001459,4.7,31176.41,31178.41,3158.704154,3443,-2806,2,1.422689098,
Cynoscion analis,28,23.6,250,210,14.98,1.138848397,7.133333333,28419.5,28713.5,1897.162884,1880,257.1,294,2.349869994,
Menticirrhus ophicephalus,28,18.3,110,95,2.35,0.501093294,2.473684211,5285.05,5666.05,2248.957447,3443,-2806,381,1.668897919,
Cynoscion analis,28.1,23.9,220,200,6.67,0.991525119,3.335,12796.7,13043.7,1918.545727,1880,257.1,247,2.14506266,
Cynoscion analis,28.2,25.5,270,230,18.31,1.203972145,7.960869565,34679.9,34874.9,1894.041507,1880,257.1,195,2.398317541,
Cynoscion analis,28.3,23.5,250,210,19.11,1.103013181,9.1,36183.9,36108.9,1893.453689,1880,257.1,-75,2.407037618,
Cynoscion analis,28.3,23.5,235,200,17.5,1.03683239,8.75,33157.1,33292.1,1894.691429,1880,257.1,135,2.386848392,
Cynoscion analis,28.5,23.5,220,200,8.87,0.950359895,4.435,16932.7,17331.7,1908.985344,1880,257.1,399,2.220468154,
Cynoscion analis,28.6,24.2,235,205,17.21,1.004545848,8.395121951,32611.9,32703.9,1894.938989,1880,257.1,92,2.382451136,
Cynoscion analis,28.7,25.1,235,205,9.09,0.994081913,4.434146341,17346.3,17324.3,1908.283828,1880,257.1,-22,2.221187243,
Cynoscion analis,28.7,23.9,215,190,8.22,0.909479197,4.326315789,15710.7,15982.7,1911.277372,1880,257.1,272,2.199393039,
Cynoscion analis,28.7,24,235,200,11.54,0.994081913,5.77,21952.3,21829.3,1902.279029,1880,257.1,-123,2.280969165,
Cynoscion analis,28.9,24.3,250,220,13.22,1.03572982,6.009090909,25110.7,25036.7,1899.447806,1880,257.1,-74,2.315713583,
Cynoscion analis,29.2,24.1,270,240,22.69,1.084464175,9.454166667,42914.3,42818.3,1891.330983,1880,257.1,-96,2.448873023,
Cynoscion analis,29.2,24.5,245,215,15.07,0.984050826,7.009302326,28588.7,28481.7,1897.060385,1880,257.1,-107,2.348141337,
Sciaena deliciosa,30,25.3,420,370,17.3,1.555555556,4.675675676,16542.17,16579.17,956.1947977,896.9,1025.8,37,4.412869423,
Sciaena deliciosa,30.6,26,380,350,14,1.326231434,4,13582.4,13541.4,970.1714286,896.9,1025.8,-41,4.258694335,
Menticirrhus ophicephalus,30.8,26,325,295,22.13,1.112323753,7.501694915,73387.59,73577.59,3316.203796,3443,-2806,190,1.467565282,
Sciaena deliciosa,31,26,325,300,10.4,1.090933503,3.466666667,10353.56,10418.56,995.5346154,896.9,1025.8,65,4.035829227,
Sciaena deliciosa,31.1,25.5,485,425,26.91,1.612354639,6.331764706,25161.379,25573.379,935.0196581,896.9,1025.8,412,4.714112775,
Cynoscion analis,31.2,27.7,290,250,17.72,0.954847941,7.088,33570.7,33736.7,1894.509029,1880,257.1,166,2.390119302,
Cynoscion analis,31.6,28.5,350,310,27.3,1.109192173,8.806451613,51581.1,51722.1,1889.417582,1880,257.1,141,2.494777329,
Menticirrhus ophicephalus,32.5,19.2,140,130,3.07,0.407828858,2.361538462,7764.01,8134.01,2528.993485,3443,-2806,370,1.546190105,
Sciaena deliciosa,33,28.5,530,470,20.82,1.474803128,4.429787234,19699.258,19878.258,946.1699328,896.9,1025.8,179,4.54292424,
Sciaena deliciosa,33.4,28.1,470,410,20.2,1.261416355,4.926829268,19143.18,18978.18,947.6821782,896.9,1025.8,-165,4.514440241,
Menticirrhus ophicephalus,34.3,27.5,410,359,34.42,1.016018221,9.587743733,115702.06,115978.06,3361.477629,3443,-2806,276,1.506592159,
Sciaena deliciosa,34.5,29.2,495,465,12.8,1.205446426,2.752688172,12506.12,12694.12,977.040625,896.9,1025.8,188,4.200032726,
Sciaena deliciosa,34.9,30.1,555,510,17.22,1.305619724,3.376470588,16470.418,16467.418,956.4702671,896.9,1025.8,-3,4.408527536,
Sciaena deliciosa,36.2,31.7,650,600,22.88,1.370211616,3.813333333,21546.872,21432.872,941.7339161,896.9,1025.8,-114,4.599048942,
Sciaena deliciosa,46,39,1070,1010,24.5,1.099284951,2.425742574,22999.85,23081.85,938.7693878,896.9,1025.8,82,4.647862054,
